"Program","Year","Period","Week Ending","Geo Level","State","State ANSI","Ag District","Ag District Code","County","County ANSI","Zip Code","Region","watershed_code","Watershed","Commodity","Data Item","Domain","Domain Category","Value","CV (%)"
"SURVEY","2024","YEAR","","STATE","COLORADO","08","","","","","","","00000000","","CORN","CORN, GRAIN - YIELD, MEASURED IN BU / ACRE","TOTAL","NOT SPECIFIED","116",""
"SURVEY","2024","YEAR","","STATE","IOWA","19","","","","","","","00000000","","CORN","CORN, GRAIN - YIELD, MEASURED IN BU / ACRE","TOTAL","NOT SPECIFIED","211",""
"SURVEY","2024","YEAR","","STATE","MISSOURI","29","","","","","","","00000000","","CORN","CORN, GRAIN - YIELD, MEASURED IN BU / ACRE","TOTAL","NOT SPECIFIED","183",""
"SURVEY","2024","YEAR","","STATE","NEBRASKA","31","","","","","","","00000000","","CORN","CORN, GRAIN - YIELD, MEASURED IN BU / ACRE","TOTAL","NOT SPECIFIED","188",""
"SURVEY","2024","YEAR","","STATE","WISCONSIN","55","","","","","","","00000000","","CORN","CORN, GRAIN - YIELD, MEASURED IN BU / ACRE","TOTAL","NOT SPECIFIED","174",""
"SURVEY","2023","YEAR","","STATE","COLORADO","08","","","","","","","00000000","","CORN","CORN, GRAIN - YIELD, MEASURED IN BU / ACRE","TOTAL","NOT SPECIFIED","122",""
"SURVEY","2023","YEAR","","STATE","IOWA","19","","","","","","","00000000","","CORN","CORN, GRAIN - YIELD, MEASURED IN BU / ACRE","TOTAL","NOT SPECIFIED","201",""
"SURVEY","2023","YEAR","","STATE","MISSOURI","29","","","","","","","00000000","","CORN","CORN, GRAIN - YIELD, MEASURED IN BU / ACRE","TOTAL","NOT SPECIFIED","153",""
"SURVEY","2023","YEAR","","STATE","NEBRASKA","31","","","","","","","00000000","","CORN","CORN, GRAIN - YIELD, MEASURED IN BU / ACRE","TOTAL","NOT SPECIFIED","182",""
"SURVEY","2023","YEAR","","STATE","WISCONSIN","55","","","","","","","00000000","","CORN","CORN, GRAIN - YIELD, MEASURED IN BU / ACRE","TOTAL","NOT SPECIFIED","176",""
"SURVEY","2022","YEAR","","STATE","COLORADO","08","","","","","","","00000000","","CORN","CORN, GRAIN - YIELD, MEASURED IN BU / ACRE","TOTAL","NOT SPECIFIED","121",""
"SURVEY","2022","YEAR","","STATE","IOWA","19","","","","","","","00000000","","CORN","CORN, GRAIN - YIELD, MEASURED IN BU / ACRE","TOTAL","NOT SPECIFIED","200",""
"SURVEY","2022","YEAR","","STATE","MISSOURI","29","","","","","","","00000000","","CORN","CORN, GRAIN - YIELD, MEASURED IN BU / ACRE","TOTAL","NOT SPECIFIED","161",""
"SURVEY","2022","YEAR","","STATE","NEBRASKA","31","","","","","","","00000000","","CORN","CORN, GRAIN - YIELD, MEASURED IN BU / ACRE","TOTAL","NOT SPECIFIED","165",""
"SURVEY","2022","YEAR","","STATE","WISCONSIN","55","","","","","","","00000000","","CORN","CORN, GRAIN - YIELD, MEASURED IN BU / ACRE","TOTAL","NOT SPECIFIED","180",""
"SURVEY","2021","YEAR","","STATE","COLORADO","08","","","","","","","00000000","","CORN","CORN, GRAIN - YIELD, MEASURED IN BU / ACRE","TOTAL","NOT SPECIFIED","129",""
"SURVEY","2021","YEAR","","STATE","IOWA","19","","","","","","","00000000","","CORN","CORN, GRAIN - YIELD, MEASURED IN BU / ACRE","TOTAL","NOT SPECIFIED","204",""
"SURVEY","2021","YEAR","","STATE","MISSOURI","29","","","","","","","00000000","","CORN","CORN, GRAIN - YIELD, MEASURED IN BU / ACRE","TOTAL","NOT SPECIFIED","159",""
"SURVEY","2021","YEAR","","STATE","NEBRASKA","31","","","","","","","00000000","","CORN","CORN, GRAIN - YIELD, MEASURED IN BU / ACRE","TOTAL","NOT SPECIFIED","194",""
"SURVEY","2021","YEAR","","STATE","WISCONSIN","55","","","","","","","00000000","","CORN","CORN, GRAIN - YIELD, MEASURED IN BU / ACRE","TOTAL","NOT SPECIFIED","180",""
"SURVEY","2020","YEAR","","STATE","COLORADO","08","","","","","","","00000000","","CORN","CORN, GRAIN - YIELD, MEASURED IN BU / ACRE","TOTAL","NOT SPECIFIED","116",""
"SURVEY","2020","YEAR","","STATE","IOWA","19","","","","","","","00000000","","CORN","CORN, GRAIN - YIELD, MEASURED IN BU / ACRE","TOTAL","NOT SPECIFIED","177",""
"SURVEY","2020","YEAR","","STATE","MISSOURI","29","","","","","","","00000000","","CORN","CORN, GRAIN - YIELD, MEASURED IN BU / ACRE","TOTAL","NOT SPECIFIED","170",""
"SURVEY","2020","YEAR","","STATE","NEBRASKA","31","","","","","","","00000000","","CORN","CORN, GRAIN - YIELD, MEASURED IN BU / ACRE","TOTAL","NOT SPECIFIED","180",""
"SURVEY","2020","YEAR","","STATE","WISCONSIN","55","","","","","","","00000000","","CORN","CORN, GRAIN - YIELD, MEASURED IN BU / ACRE","TOTAL","NOT SPECIFIED","173",""
"SURVEY","2019","YEAR","","STATE","COLORADO","08","","","","","","","00000000","","CORN","CORN, GRAIN - YIELD, MEASURED IN BU / ACRE","TOTAL","NOT SPECIFIED","123",""
"SURVEY","2019","YEAR","","STATE","IOWA","19","","","","","","","00000000","","CORN","CORN, GRAIN - YIELD, MEASURED IN BU / ACRE","TOTAL","NOT SPECIFIED","198",""
"SURVEY","2019","YEAR","","STATE","MISSOURI","29","","","","","","","00000000","","CORN","CORN, GRAIN - YIELD, MEASURED IN BU / ACRE","TOTAL","NOT SPECIFIED","155",""
"SURVEY","2019","YEAR","","STATE","NEBRASKA","31","","","","","","","00000000","","CORN","CORN, GRAIN - YIELD, MEASURED IN BU / ACRE","TOTAL","NOT SPECIFIED","182",""
"SURVEY","2019","YEAR","","STATE","WISCONSIN","55","","","","","","","00000000","","CORN","CORN, GRAIN - YIELD, MEASURED IN BU / ACRE","TOTAL","NOT SPECIFIED","166",""
"SURVEY","2018","YEAR","","STATE","COLORADO","08","","","","","","","00000000","","CORN","CORN, GRAIN - YIELD, MEASURED IN BU / ACRE","TOTAL","NOT SPECIFIED","129",""
"SURVEY","2018","YEAR","","STATE","IOWA","19","","","","","","","00000000","","CORN","CORN, GRAIN - YIELD, MEASURED IN BU / ACRE","TOTAL","NOT SPECIFIED","196",""
"SURVEY","2018","YEAR","","STATE","MISSOURI","29","","","","","","","00000000","","CORN","CORN, GRAIN - YIELD, MEASURED IN BU / ACRE","TOTAL","NOT SPECIFIED","140",""
"SURVEY","2018","YEAR","","STATE","NEBRASKA","31","","","","","","","00000000","","CORN","CORN, GRAIN - YIELD, MEASURED IN BU / ACRE","TOTAL","NOT SPECIFIED","192",""
"SURVEY","2018","YEAR","","STATE","WISCONSIN","55","","","","","","","00000000","","CORN","CORN, GRAIN - YIELD, MEASURED IN BU / ACRE","TOTAL","NOT SPECIFIED","172",""
"SURVEY","2017","YEAR","","STATE","COLORADO","08","","","","","","","00000000","","CORN","CORN, GRAIN - YIELD, MEASURED IN BU / ACRE","TOTAL","NOT SPECIFIED","143",""
"SURVEY","2017","YEAR","","STATE","IOWA","19","","","","","","","00000000","","CORN","CORN, GRAIN - YIELD, MEASURED IN BU / ACRE","TOTAL","NOT SPECIFIED","202",""
"SURVEY","2017","YEAR","","STATE","MISSOURI","29","","","","","","","00000000","","CORN","CORN, GRAIN - YIELD, MEASURED IN BU / ACRE","TOTAL","NOT SPECIFIED","170",""
"SURVEY","2017","YEAR","","STATE","NEBRASKA","31","","","","","","","00000000","","CORN","CORN, GRAIN - YIELD, MEASURED IN BU / ACRE","TOTAL","NOT SPECIFIED","181",""
"SURVEY","2017","YEAR","","STATE","WISCONSIN","55","","","","","","","00000000","","CORN","CORN, GRAIN - YIELD, MEASURED IN BU / ACRE","TOTAL","NOT SPECIFIED","174",""
"SURVEY","2016","YEAR","","STATE","COLORADO","08","","","","","","","00000000","","CORN","CORN, GRAIN - YIELD, MEASURED IN BU / ACRE","TOTAL","NOT SPECIFIED","137",""
"SURVEY","2016","YEAR","","STATE","IOWA","19","","","","","","","00000000","","CORN","CORN, GRAIN - YIELD, MEASURED IN BU / ACRE","TOTAL","NOT SPECIFIED","203",""
"SURVEY","2016","YEAR","","STATE","MISSOURI","29","","","","","","","00000000","","CORN","CORN, GRAIN - YIELD, MEASURED IN BU / ACRE","TOTAL","NOT SPECIFIED","163",""
"SURVEY","2016","YEAR","","STATE","NEBRASKA","31","","","","","","","00000000","","CORN","CORN, GRAIN - YIELD, MEASURED IN BU / ACRE","TOTAL","NOT SPECIFIED","178",""
"SURVEY","2016","YEAR","","STATE","WISCONSIN","55","","","","","","","00000000","","CORN","CORN, GRAIN - YIELD, MEASURED IN BU / ACRE","TOTAL","NOT SPECIFIED","178",""
"SURVEY","2015","YEAR","","STATE","COLORADO","08","","","","","","","00000000","","CORN","CORN, GRAIN - YIELD, MEASURED IN BU / ACRE","TOTAL","NOT SPECIFIED","142",""
"SURVEY","2015","YEAR","","STATE","IOWA","19","","","","","","","00000000","","CORN","CORN, GRAIN - YIELD, MEASURED IN BU / ACRE","TOTAL","NOT SPECIFIED","192",""
"SURVEY","2015","YEAR","","STATE","MISSOURI","29","","","","","","","00000000","","CORN","CORN, GRAIN - YIELD, MEASURED IN BU / ACRE","TOTAL","NOT SPECIFIED","142",""
"SURVEY","2015","YEAR","","STATE","NEBRASKA","31","","","","","","","00000000","","CORN","CORN, GRAIN - YIELD, MEASURED IN BU / ACRE","TOTAL","NOT SPECIFIED","185",""
"SURVEY","2015","YEAR","","STATE","WISCONSIN","55","","","","","","","00000000","","CORN","CORN, GRAIN - YIELD, MEASURED IN BU / ACRE","TOTAL","NOT SPECIFIED","164",""
"SURVEY","2014","YEAR","","STATE","COLORADO","08","","","","","","","00000000","","CORN","CORN, GRAIN - YIELD, MEASURED IN BU / ACRE","TOTAL","NOT SPECIFIED","146",""
"SURVEY","2014","YEAR","","STATE","IOWA","19","","","","","","","00000000","","CORN","CORN, GRAIN - YIELD, MEASURED IN BU / ACRE","TOTAL","NOT SPECIFIED","178",""
"SURVEY","2014","YEAR","","STATE","MISSOURI","29","","","","","","","00000000","","CORN","CORN, GRAIN - YIELD, MEASURED IN BU / ACRE","TOTAL","NOT SPECIFIED","186",""
"SURVEY","2014","YEAR","","STATE","NEBRASKA","31","","","","","","","00000000","","CORN","CORN, GRAIN - YIELD, MEASURED IN BU / ACRE","TOTAL","NOT SPECIFIED","179",""
"SURVEY","2014","YEAR","","STATE","WISCONSIN","55","","","","","","","00000000","","CORN","CORN, GRAIN - YIELD, MEASURED IN BU / ACRE","TOTAL","NOT SPECIFIED","156",""
"SURVEY","2013","YEAR","","STATE","COLORADO","08","","","","","","","00000000","","CORN","CORN, GRAIN - YIELD, MEASURED IN BU / ACRE","TOTAL","NOT SPECIFIED","131",""
"SURVEY","2013","YEAR","","STATE","IOWA","19","","","","","","","00000000","","CORN","CORN, GRAIN - YIELD, MEASURED IN BU / ACRE","TOTAL","NOT SPECIFIED","164",""
"SURVEY","2013","YEAR","","STATE","MISSOURI","29","","","","","","","00000000","","CORN","CORN, GRAIN - YIELD, MEASURED IN BU / ACRE","TOTAL","NOT SPECIFIED","136",""
"SURVEY","2013","YEAR","","STATE","NEBRASKA","31","","","","","","","00000000","","CORN","CORN, GRAIN - YIELD, MEASURED IN BU / ACRE","TOTAL","NOT SPECIFIED","169",""
"SURVEY","2013","YEAR","","STATE","WISCONSIN","55","","","","","","","00000000","","CORN","CORN, GRAIN - YIELD, MEASURED IN BU / ACRE","TOTAL","NOT SPECIFIED","145",""
"SURVEY","2012","YEAR","","STATE","COLORADO","08","","","","","","","00000000","","CORN","CORN, GRAIN - YIELD, MEASURED IN BU / ACRE","TOTAL","NOT SPECIFIED","133",""
"SURVEY","2012","YEAR","","STATE","IOWA","19","","","","","","","00000000","","CORN","CORN, GRAIN - YIELD, MEASURED IN BU / ACRE","TOTAL","NOT SPECIFIED","137",""
"SURVEY","2012","YEAR","","STATE","MISSOURI","29","","","","","","","00000000","","CORN","CORN, GRAIN - YIELD, MEASURED IN BU / ACRE","TOTAL","NOT SPECIFIED","75",""
"SURVEY","2012","YEAR","","STATE","NEBRASKA","31","","","","","","","00000000","","CORN","CORN, GRAIN - YIELD, MEASURED IN BU / ACRE","TOTAL","NOT SPECIFIED","142",""
"SURVEY","2012","YEAR","","STATE","WISCONSIN","55","","","","","","","00000000","","CORN","CORN, GRAIN - YIELD, MEASURED IN BU / ACRE","TOTAL","NOT SPECIFIED","120",""
"SURVEY","2011","YEAR","","STATE","COLORADO","08","","","","","","","00000000","","CORN","CORN, GRAIN - YIELD, MEASURED IN BU / ACRE","TOTAL","NOT SPECIFIED","133",""
"SURVEY","2011","YEAR","","STATE","IOWA","19","","","","","","","00000000","","CORN","CORN, GRAIN - YIELD, MEASURED IN BU / ACRE","TOTAL","NOT SPECIFIED","172",""
"SURVEY","2011","YEAR","","STATE","MISSOURI","29","","","","","","","00000000","","CORN","CORN, GRAIN - YIELD, MEASURED IN BU / ACRE","TOTAL","NOT SPECIFIED","114",""
"SURVEY","2011","YEAR","","STATE","NEBRASKA","31","","","","","","","00000000","","CORN","CORN, GRAIN - YIELD, MEASURED IN BU / ACRE","TOTAL","NOT SPECIFIED","160",""
"SURVEY","2011","YEAR","","STATE","WISCONSIN","55","","","","","","","00000000","","CORN","CORN, GRAIN - YIELD, MEASURED IN BU / ACRE","TOTAL","NOT SPECIFIED","155",""
"SURVEY","2010","YEAR","","STATE","COLORADO","08","","","","","","","00000000","","CORN","CORN, GRAIN - YIELD, MEASURED IN BU / ACRE","TOTAL","NOT SPECIFIED","151",""
"SURVEY","2010","YEAR","","STATE","IOWA","19","","","","","","","00000000","","CORN","CORN, GRAIN - YIELD, MEASURED IN BU / ACRE","TOTAL","NOT SPECIFIED","165",""
"SURVEY","2010","YEAR","","STATE","MISSOURI","29","","","","","","","00000000","","CORN","CORN, GRAIN - YIELD, MEASURED IN BU / ACRE","TOTAL","NOT SPECIFIED","123",""
"SURVEY","2010","YEAR","","STATE","NEBRASKA","31","","","","","","","00000000","","CORN","CORN, GRAIN - YIELD, MEASURED IN BU / ACRE","TOTAL","NOT SPECIFIED","166",""
"SURVEY","2010","YEAR","","STATE","WISCONSIN","55","","","","","","","00000000","","CORN","CORN, GRAIN - YIELD, MEASURED IN BU / ACRE","TOTAL","NOT SPECIFIED","162",""
"SURVEY","2009","YEAR","","STATE","COLORADO","08","","","","","","","00000000","","CORN","CORN, GRAIN - YIELD, MEASURED IN BU / ACRE","TOTAL","NOT SPECIFIED","153",""
"SURVEY","2009","YEAR","","STATE","IOWA","19","","","","","","","00000000","","CORN","CORN, GRAIN - YIELD, MEASURED IN BU / ACRE","TOTAL","NOT SPECIFIED","181",""
"SURVEY","2009","YEAR","","STATE","MISSOURI","29","","","","","","","00000000","","CORN","CORN, GRAIN - YIELD, MEASURED IN BU / ACRE","TOTAL","NOT SPECIFIED","153",""
"SURVEY","2009","YEAR","","STATE","NEBRASKA","31","","","","","","","00000000","","CORN","CORN, GRAIN - YIELD, MEASURED IN BU / ACRE","TOTAL","NOT SPECIFIED","179",""
"SURVEY","2009","YEAR","","STATE","WISCONSIN","55","","","","","","","00000000","","CORN","CORN, GRAIN - YIELD, MEASURED IN BU / ACRE","TOTAL","NOT SPECIFIED","153",""
"SURVEY","2008","YEAR","","STATE","COLORADO","08","","","","","","","00000000","","CORN","CORN, GRAIN - YIELD, MEASURED IN BU / ACRE","TOTAL","NOT SPECIFIED","137",""
"SURVEY","2008","YEAR","","STATE","IOWA","19","","","","","","","00000000","","CORN","CORN, GRAIN - YIELD, MEASURED IN BU / ACRE","TOTAL","NOT SPECIFIED","171",""
"SURVEY","2008","YEAR","","STATE","MISSOURI","29","","","","","","","00000000","","CORN","CORN, GRAIN - YIELD, MEASURED IN BU / ACRE","TOTAL","NOT SPECIFIED","144",""
"SURVEY","2008","YEAR","","STATE","NEBRASKA","31","","","","","","","00000000","","CORN","CORN, GRAIN - YIELD, MEASURED IN BU / ACRE","TOTAL","NOT SPECIFIED","163",""
"SURVEY","2008","YEAR","","STATE","WISCONSIN","55","","","","","","","00000000","","CORN","CORN, GRAIN - YIELD, MEASURED IN BU / ACRE","TOTAL","NOT SPECIFIED","137",""
"SURVEY","2007","YEAR","","STATE","COLORADO","08","","","","","","","00000000","","CORN","CORN, GRAIN - YIELD, MEASURED IN BU / ACRE","TOTAL","NOT SPECIFIED","140",""
"SURVEY","2007","YEAR","","STATE","IOWA","19","","","","","","","00000000","","CORN","CORN, GRAIN - YIELD, MEASURED IN BU / ACRE","TOTAL","NOT SPECIFIED","171",""
"SURVEY","2007","YEAR","","STATE","MISSOURI","29","","","","","","","00000000","","CORN","CORN, GRAIN - YIELD, MEASURED IN BU / ACRE","TOTAL","NOT SPECIFIED","140",""
"SURVEY","2007","YEAR","","STATE","NEBRASKA","31","","","","","","","00000000","","CORN","CORN, GRAIN - YIELD, MEASURED IN BU / ACRE","TOTAL","NOT SPECIFIED","160",""
"SURVEY","2007","YEAR","","STATE","WISCONSIN","55","","","","","","","00000000","","CORN","CORN, GRAIN - YIELD, MEASURED IN BU / ACRE","TOTAL","NOT SPECIFIED","135",""
"SURVEY","2006","YEAR","","STATE","COLORADO","08","","","","","","","00000000","","CORN","CORN, GRAIN - YIELD, MEASURED IN BU / ACRE","TOTAL","NOT SPECIFIED","156",""
"SURVEY","2006","YEAR","","STATE","IOWA","19","","","","","","","00000000","","CORN","CORN, GRAIN - YIELD, MEASURED IN BU / ACRE","TOTAL","NOT SPECIFIED","166",""
"SURVEY","2006","YEAR","","STATE","MISSOURI","29","","","","","","","00000000","","CORN","CORN, GRAIN - YIELD, MEASURED IN BU / ACRE","TOTAL","NOT SPECIFIED","138",""
"SURVEY","2006","YEAR","","STATE","NEBRASKA","31","","","","","","","00000000","","CORN","CORN, GRAIN - YIELD, MEASURED IN BU / ACRE","TOTAL","NOT SPECIFIED","152",""
"SURVEY","2006","YEAR","","STATE","WISCONSIN","55","","","","","","","00000000","","CORN","CORN, GRAIN - YIELD, MEASURED IN BU / ACRE","TOTAL","NOT SPECIFIED","143",""
"SURVEY","2005","YEAR","","STATE","COLORADO","08","","","","","","","00000000","","CORN","CORN, GRAIN - YIELD, MEASURED IN BU / ACRE","TOTAL","NOT SPECIFIED","148",""
"SURVEY","2005","YEAR","","STATE","IOWA","19","","","","","","","00000000","","CORN","CORN, GRAIN - YIELD, MEASURED IN BU / ACRE","TOTAL","NOT SPECIFIED","173",""
"SURVEY","2005","YEAR","","STATE","MISSOURI","29","","","","","","","00000000","","CORN","CORN, GRAIN - YIELD, MEASURED IN BU / ACRE","TOTAL","NOT SPECIFIED","111",""
"SURVEY","2005","YEAR","","STATE","NEBRASKA","31","","","","","","","00000000","","CORN","CORN, GRAIN - YIELD, MEASURED IN BU / ACRE","TOTAL","NOT SPECIFIED","154",""
"SURVEY","2005","YEAR","","STATE","WISCONSIN","55","","","","","","","00000000","","CORN","CORN, GRAIN - YIELD, MEASURED IN BU / ACRE","TOTAL","NOT SPECIFIED","148",""
